year-archive.md: year-archive.md
wia-tags.md: wia-tags.md
wia-home.md: wia-home.md
wia-blog.md: wia-blog.md
test.md: test.md
tesimonials.md: tesimonials.md
terms.md: terms.md
terms-of-service.md: terms-of-service.md
tag-archive.md: tag-archive.md
summary.md: summary.md
splash-page.md: splash-page.md
sitemap.md: sitemap.md
services.md: services.md
samskrutyatra.md: samskrutyatra.md
samskrutyatra-chanting.md: samskrutyatra-chanting.md
samskrut-tags.md: samskrut-tags.md
samskrut-home.md: samskrut-home.md
quotations.md: quotations.md
quotations-tags.md: quotations-tags.md
publications-home.md: publications-home.md
projects-tech-stacks.md: projects-tech-stacks.md
projects-management.md: projects-management.md
projects-aiml-all-verticals.md: projects-aiml-all-verticals.md
project-index-page.md: project-index-page.md
project-domains.md: project-domains.md
privacy-policy.md: privacy-policy.md
prince2-templates.md: prince2-templates.md
pmlogy-tags.md: pmlogy-tags.md
pmlogy-home.md: pmlogy-home.md
pmlogy-blog.md: pmlogy-blog.md
pmi-templates.md: pmi-templates.md
pmglossary.md: pmglossary.md
pmbok6hi.md: pmbok6hi.md
pmbok6hi-tags.md: pmbok6hi-tags.md
pmbok6hi-summary.md: pmbok6hi-summary.md
pmbok6.md: pmbok6.md
pmbok6-tags.md: pmbok6-tags.md
pmbok6-summary.md: pmbok6-summary.md
news-blog.md: news-blog.md
micorosoft-pm-templates.md: micorosoft-pm-templates.md
management.md: management.md
gk-tags.md: gk-tags.md
gk-blog.md: gk-blog.md
dslexicon.md: dslexicon.md
datascience-tags.md: datascience-tags.md
datascience-resources.md: datascience-resources.md
datascience-courses.md: datascience-courses.md
datascience-blog.md: datascience-blog.md
corpus-home.md: corpus-home.md
comment-policy.md: comment-policy.md
clients.md: clients.md
booksummary.md: booksummary.md
aboutme.md: aboutme.md
