2020-09-09-pmi-rmp.md: pmi-rmp.md
2020-09-08-fundamental-pm.md: fundamental-pm.md
2020-09-07-fpa.md: fpa.md
2020-09-06-agile-scrum.md: agile-scrum.md
2020-09-04-iso-9001-consulting.md: iso-9001-consulting.md
2020-09-03-cmmi-consulting.md: cmmi-consulting.md
2020-09-02-agile-pmo.md: agile-pmo.md
2020-09-01-pmo-setup.md: pmo-setup.md
2020-08-26-microsoft-project-for-pmo-team.md: microsoft-project-for-pmo-team.md
2020-08-25-microsoft-enterprise-project-server-for-administrators.md: microsoft-enterprise-project-server-for-administrators.md
2020-08-24-microsoft-enterprise-project-server-for-executives.md: microsoft-enterprise-project-server-for-executives.md
2020-08-23-microsoft-enterprise-project-server-for-team-members.md: microsoft-enterprise-project-server-for-team-members.md
2020-08-22-microsoft-enterprise-project-server-for-project-managers.md: microsoft-enterprise-project-server-for-project-managers.md
2020-08-21-microsoft-project.md: microsoft-project.md
2020-08-16-six-sigma-black-belt.md: six-sigma-black-belt.md
2020-08-15-six-sigma-green-belt.md: six-sigma-green-belt.md
2020-08-14-six-sigma-yellow-belt.md: six-sigma-yellow-belt.md
2020-08-13-scrumStudy-agile-master-certified.md: scrumStudy-agile-master-certified.md
2020-08-12-scrum-product-owner-certified.md: scrum-product-owner-certified.md
2020-08-11-scrum-master-certified.md: scrum-master-certified.md
2020-08-10-sfc-certification.md: sfc-certification.md
2020-08-09-intro-to-scrumstudy.md: intro-to-scrumstudy.md
2020-08-07-customized-pm.md: customized-pm.md
2020-08-06-prince2.md: prince2.md
2020-08-05-pmi-sp.md: pmi-sp.md
2020-08-03-pmi-capm.md: pmi-capm.md
2020-08-02-pmi-acp.md: pmi-acp.md
2020-08-01-pmi-pmp.md: pmi-pmp.md
